ID,Type,Name
1,101,Introduction to Computer Science
2,110,Introduction to Computer Programming I
3,120,Introduction to Computer Programming II
4,144,Discrete Mathematics for Computer Science I
5,199,Independent Study
6,199H,Honors Independent Study
7,210,Software Development
8,244,Discrete Mathematics for Computer Science II
9,252,Computer Organization
10,296,Special Topics in Computer Science Seminar
11,296B,Seminar in Bioinformatics
12,299,Independent Study
13,299H,Honors Independent Study
14,317,Mobile Application Programming
15,335,Object-Oriented Programming and Design
16,337,Web Programming
17,343,Human Computer Interaction
18,345,Analysis of Discrete Structures
19,346,Cloud Computing
20,350,Fundamentals of Computer Science Theory
21,352,Systems Programming and Unix
22,355,Discrete Structures and Basic Algorithms
23,355,Discrete Structures and Basic Algorithms
24,372,Comparative Programming Languages
25,380,Principles of Data Science
26,382,Software Development in C++
27,391,Preceptorship
28,392,Directed Research
29,396,Special Topics in Computer Science Seminar
30,399,Independent Study
31,399H,Honors Independent Study
32,401A,Symbolic Logic
33,401B,Symbolic Logic
34,422,Introduction to Parallel and Distributed Programming
35,425,Computer Networking
36,433,Computer Graphics
37,436,Software Engineering
38,437,Geometric Algorithms
39,438,Computational Linguistics
40,439,Statistical Natural Language Processing
41,444,Data Visualization
42,445,Algorithms
43,447,Green Computing
44,450,Algorithms in Bioinformatics
45,452,Principles of Operating Systems
46,453,Compilers and Systems Software
47,455,Philosophy and Artificial Intelligence
48,460,Database Design
49,465,Reverse Engineering vs. Software Protection
50,466,Computer Security
51,473,"Automata, Grammars and Languages"
52,474A,Computer-Aided Logic Design
53,477,Introduction to Computer Vision
54,480,Principles of Machine Learning
55,483,Text Retrieval and Web Search
56,492,Directed Research
57,493,Internship
58,496,Special Topics in Computer Science Seminar
59,498H,Honors Thesis
60,499,Independent Study
61,499H,Honors Independent Study
62,501A,Symbolic Logic
63,501B,Symbolic Logic
64,502,Mathematical Logic
65,520,Principles of Programming Languages
66,522,Parallel and Distributed Computing
67,525,Principles of Computer Networking
68,533,Computer Graphics
69,535,Probabilistic Graphical Models
70,536,Software Engineering
71,537,Geometric Algorithms
72,538,Computational Linguistics
73,539,Statistical Natural Language Processing
74,543,Theory of Graphs and Networks
75,544,Advanced Data Visualization
76,545,Design and Analysis of Algorithms
77,547,Green Computing
78,550,Algorithms in Bioinformatics
79,552,Advanced Operating Systems
80,553,Principles of Compilation
81,555,Philosophy and Artificial Intelligence
82,560,Database Systems Implementation
83,566,Computer Security
84,573,Theory of Computation
85,574A,Computer-Aided Logic Design
86,576,Computer Architecture
87,577,Introduction to Computer Vision
88,580,Principles of Machine Learning
89,581,Advanced Computational Linguistics
90,583,Text Retrieval and Web Search
91,585,Algorithms for Natural Language Processing
92,588,Machine Learning Theory
93,593,Internship
94,596,Special Topics in Computer Science Seminar
95,599,Independent Study
96,695A,Graduate Colloquium
97,696A,Advanced Topics in Programming Languages and Compilers
98,696B,"Advanced Topics in Parallel, Distributed, and High-Performance Computing"
99,696C,Advanced Topics in Computer Science
100,696D,Advanced Topics in Visualization and Graphics
101,696E,Advanced Topics in Algorithms
102,696F,Advanced Topics in Computer Systems
103,696G,Topics in Computational Linguistics
104,696H,Advanced Topics in Artificial Intelligence
105,696I,Advanced Topics in Security
106,696J,Advanced Topics in Data Systems
107,699,Independent Study
108,799,Independent Study
109,900,Research
110,910,Thesis
111,920,Dissertation